{"cameraMode":{"drawMode":0,"name":"Shaded","section":"Shading Mode"},"sceneLighting":false,"audioPlay":false,"sceneViewState":{"m_AlwaysRefresh":false,"showFog":true,"showSkybox":false,"showFlares":true,"showImageEffects":true,"showParticleSystems":true,"showVisualEffectGraphs":true,"m_FxEnabled":true},"in2DMode":false,"pivot":{"x":0.24339991807937623,"y":0.6329416036605835,"z":0.33712780475616457},"rotation":{"x":0.10085395723581314,"y":0.8990561962127686,"z":-0.2944502532482147,"w":0.30794966220855715},"size":2.2141427993774416,"orthographic":false}